0,,results/1st_level\1984isreality.csv @ https://www.reddit.com/r/ukpolitics
0,emn8l28
1,emng7xg
2,emnoyv0
3,emn6lw7
4,emnddl1
5,emn9v48
6,emnblc9
7,emndty8
8,emnp8wk
9,emn8g1a
10,emnph91
11,emnpsdw
12,emnq544
13,emntm02
14,emoibdx
15,emnqtci
16,emn6yp5
17,emn8cut
18,emnnv8d
19,emoifsp
20,emokdpn
21,emow102
22,empe4s5
23,empn0nl
24,emq9yg5
25,emn8o2r
26,emnlbzi
27,emnddgx
28,emo2th9
29,emng8e6
30,emnfifz
31,emnjrtr
32,emnyqxr
33,emo0c8l
34,emoexzj
35,emokrl4
36,emorx0k
37,emq2lfh
38,emqbat0
39,emqfw4g
40,emqjeq9
41,emqncey
42,empt9kk
43,emoy1hi
,results/1st_level\1984isreality.csv @ https://www.reddit.com/r/Libertarian
0,eltfequ
1,eltucta
2,elu1s74
3,elu3150
4,eltwahb
5,elti8vr
6,eltpc2f
7,eltw9go
8,elty4pb
9,elv6huk
10,elu0twv
11,eluhjg2
12,elusz7i
13,elu2e36
14,elu4n9m
15,eluv7ea
16,eluvhxn
17,eluvs3w
18,eluyla2
19,elvbf2w
20,elvju5z
21,elvuo13
22,elw22uw
23,elw865o
24,elwanm4
25,elu39yp
26,elu22tc
,results/1st_level\1984isreality.csv @ https://www.reddit.com/r/ABoringDystopia
0,elueeep
1,eltxxqe
2,eltsavn
3,eluwlwx
4,elzj4sx
5,eluqk8r
6,elwgy47
7,elw1e26
8,elvy36m
,results/1st_level\1984isreality.csv @ https://www.reddit.com/r/badgovnofreedom
0,elu2y18
1,elv9b7y
,results/1st_level\1984isreality.csv @ https://www.reddit.com/r/worldpolitics
0,emn64hw
1,emnfv2z
2,emnycbc
,results/1st_level\1984isreality.csv @ https://www.reddit.com/r/governmentoppression
,results/1st_level\1984isreality.csv @ https://www.reddit.com/r/conspiracy
0,f8raqkk
1,f8rav60
2,f8ro2wo
3,f8rc3z9
4,f8rogdq
5,f8ri6xz
6,f8s2bcz
7,f8s5na4
8,f8s3q88
9,f8s170p
10,f8sbwlw
11,f8t7b3k
12,f8rf7rf
13,f8rq6c8
14,f8rr5ho
15,f8s2uxp
16,f8sjqfe
17,f8sucu4
18,f8t7i81
19,f8rcwgh
20,f8rj1fl
21,f8sprq0
22,f8s9495
23,f8sn5fk
24,f8rqbq6
,results/1st_level\1984isreality.csv @ https://www.reddit.com/r/LabourUK
0,f8slz8d
1,f8tfo63
2,f8t3mty
3,f8sy1er
4,f8t3605
,results/1st_level\1984isreality.csv @ https://www.reddit.com/r/RagingHumanist
0,f8sjav1
,results/1st_level\1984isreality.csv @ https://www.reddit.com/r/u_JimV48
,results/1st_level\1984isreality.csv @ https://www.reddit.com/r/topofreddit
0,exng17i
1,exlm9ul
,results/1st_level\1984isreality.csv @ https://www.reddit.com/r/Anarcho_Capitalism
0,fo56hxl
1,fo56cs1
2,fo5asjs
3,fo5ga4r
4,fo5w9az
5,fo69rqo
6,fo63dl4
7,fo6b801
8,fo6bea1
9,fo6g29s
10,fo6lbb8
11,fo826sf
12,fo88i6l
,results/1st_level\1984isreality.csv @ https://www.reddit.com/r/Bad_Cop_No_Donut
0,fiffi1y
1,fifajcr
2,fievdbf
3,fiexc8c
4,fif4zad
5,fifda1g
6,fiew5kp
7,fif4y3r
8,fif3bx2
9,fif56mn
10,fif1rg0
11,fifx89m
12,fife2zj
13,fifw40s
14,fif6u6l
15,fifh4dd
16,fifcr3s
17,fig04yx
18,fif4fnv
19,fifclg1
20,fifwy77
21,fiffnwq
22,fifzqoa
23,fig0tuz
24,fifv3bl
25,fif2r56
26,fifshyg
27,fig4qxf
28,fifls5o
29,fifb8sa
30,fihl209
31,fifce26
32,fiffc8s
33,fiffzdk
34,fifkk4m
35,figgz99
36,figmg1d
37,figxqjm
38,fih8crd
39,fihwkb9
40,fijmkjz
41,fikiuch
42,fifn1uc
43,fifu8m7
44,fifjsem
45,fifwbd3
46,fig88qc
47,fig9bn8
48,fig9uf8
49,figej91
50,figkbiy
51,figm766
52,figsdwq
53,fih059k
54,fih2r4h
55,fih2ue7
56,fih3ce3
57,fih4ddl
58,fih6vvl
59,fihav84
60,fihbuwz
61,fihfrn8
62,fihkf3t
63,fihl3vn
64,fihmfmf
65,fihsxy5
66,fii04tz
67,fiia1cl
68,fiieax3
69,fiiukfs
70,fijonfw
71,fijpnpz
72,fijw11i
73,fijzkn0
74,fims646
75,fifbv9d
76,figxar7
77,fifta1z
78,fifu3fo
79,fifu975
80,fifvabn
81,fifx71r
82,fig6bfb
83,fig9tvd
84,fighdqo
,results/1st_level\1984isreality.csv @ https://www.reddit.com/r/libertarianmeme
0,fiifeoe
1,fikt7nj
2,fijvt78
3,fiipix2
4,fiictfu
5,fih24kp
,results/1st_level\1984isreality.csv @ https://www.reddit.com/r/brasilivre
0,ew55xdc
1,ew6cajt
2,ew5k08f
3,ew568xf
,results/1st_level\1984isreality.csv @ https://www.reddit.com/r/Political_Revolution
0,flqv6s6
1,flqyifh
2,flqzm0t
3,flsko12
4,flrj04v
5,flqq73x
6,flszx84
7,flqso0j
8,flquqy1
9,flqoutl
10,flqszad
,results/1st_level\1984isreality.csv @ https://www.reddit.com/r/thedavidpakmanshow
0,flrg603
1,flrdupq
2,i2t9nr8
3,fltrgie
4,flrjvar
5,flr6m2n
6,flyj87b
7,flrufwj
8,flraa63
9,flrd6if
10,flrtzy2
11,flrxcvz
12,flrwza1
,results/1st_level\1984isreality.csv @ https://www.reddit.com/r/chomsky
0,flr0pq3
1,flr666b
2,flrgbvl
3,flrhpp3
4,flqxe64
5,flqvggu
,results/1st_level\1984isreality.csv @ https://www.reddit.com/r/Journalism
0,flwdtr5
1,flu9bmb
2,flu8p7w
,results/1st_level\1984isreality.csv @ https://www.reddit.com/r/mildlyinfuriating
0,fls4a98
1,flssbgi
2,fls3w87
3,fls7x4g
,results/1st_level\1984isreality.csv @ https://www.reddit.com/r/OurPresident
0,flrq5se
1,flruhp7
2,flt1k80
,results/1st_level\1984isreality.csv @ https://www.reddit.com/r/FakeProgressives
0,flrsmib
1,flsuct2
,results/1st_level\1984isreality.csv @ https://www.reddit.com/r/CorporateMalfeasance
0,flr8tgo
1,flrputi
,results/1st_level\1984isreality.csv @ https://www.reddit.com/r/DystopiaToday
0,flr8ull
,results/1st_level\1984isreality.csv @ https://www.reddit.com/r/UKNewsByABot
,results/1st_level\1984isreality.csv @ https://www.reddit.com/r/extremelyinfuriating
0,flw3w5a
,results/1st_level\1984isreality.csv @ https://www.reddit.com/r/GUARDIANauto
,results/1st_level\1984isreality.csv @ https://www.reddit.com/r/InCaseYouMissedIt
,results/1st_level\1984isreality.csv @ https://www.reddit.com/r/HongKong
0,fduska1
1,fduvt3k
2,fdur24i
3,fdvhbhe
4,fdur0h7
5,fduwu81
6,fdw0efd
7,fdwjte7
8,fdv1r4r
9,fdv6lys
10,fduwuco
11,fdwjh93
12,fduur16
13,fduv7xm
14,fdvmluo
15,fdx7xxc
16,fduxmz7
17,fdux4a5
18,fdvo8vm
19,fdvsl9e
20,fdwglh2
21,fdwjjq0
22,fdvtpzu
23,fdyi53j
24,fdvxv2q
25,fdw6660
26,fdwybdj
27,fdxnwzk
28,fdw0fpl
29,fdvkc3g
30,fdv0oa3
31,fdx11yt
32,fdysaiv
33,fdw5c99
34,fdw5gjo
35,fdwcq1j
36,fdwgu6d
37,fdwlm50
38,fdymcq1
39,fdz59vw
40,fdw48zk
41,fdvtvk7
42,fdw6eyk
43,fdwaz6q
44,fdwbzp3
45,fdwcr9m
46,fdwe35g
47,fdwg0z7
48,fdwhll9
49,fdwhvw4
50,fdwitjz
51,fdwq2ic
52,fdwrwzv
53,fdwzd89
54,fdwzf42
55,fdx9x4g
56,fdxi5rm
57,fdxjgxo
58,fdxk7pg
59,fdxkxne
60,fdxmyxr
61,fdxo6l9
62,fdxt2m9
63,fdydyol
64,fdyf87j
65,fdyogwm
66,fdzrldh
67,fe0562g
68,fe0e2k7
69,fe0e71x
70,fe18ehr
71,fe1r71x
72,fe2tvyf
73,ff0eezh
74,fdvkkwp
75,fdw4kel
76,fdx120b
77,fdv00t2
78,fdvmxme
79,fdvom2s
80,fdvtd5w
81,fdvzeig
82,fdw6tgw
83,fdwevbo
84,fdwiczy
85,fdwj96n
86,fdwtf6r
87,fdwwpm1
88,fdx7yak
89,fdzxamz
90,fdvb2t0
91,fdvwjql
92,fdw25uj
93,fdw2hgl
94,fdw34w7
95,fdw4dos
96,fdw4iui
97,fdw537c
98,fdw8jk8
99,fdw8lhr
100,fdwapyk
101,fdwau2f
102,fdwawn1
103,fdwbmts
104,fdwhf2l
105,fdwjotc
106,fdwkqs2
107,fdwn1ep
108,fdwn1te
109,fdwnall
,results/1st_level\1984isreality.csv @ https://www.reddit.com/r/RightCringe
0,f3182gw
1,f30yw28
2,f318a6q
3,f3197mf
4,f31pxtk
5,f31owmm
6,f32kl4a
7,f330c7a
8,f31hzi2
9,f31wv8b
10,f351g0h
11,f31z96u
12,f3249l0
13,f32bht9
14,f347rry
15,f82pfrc
16,f326072
,results/1st_level\1984isreality.csv @ https://www.reddit.com/r/DescentIntoTyranny
0,eyg27g3
1,eycq6zv
,results/1st_level\1984isreality.csv @ https://www.reddit.com/r/maybemaybeoriginal
0,fz6ford
,results/1st_level\1984isreality.csv @ https://www.reddit.com/r/PropagandaPosters
0,ezprxoq
,results/1st_level\1984isreality.csv @ https://www.reddit.com/r/surrealmemesirl
0,ezp63zq
,results/1st_level\1984isreality.csv @ https://www.reddit.com/r/welcometonightvale
,results/1st_level\1984isreality.csv @ https://www.reddit.com/r/SelfAwarewolves
0,ezo4vtc
,results/1st_level\1984isreality.csv @ https://www.reddit.com/r/BritishCivilWar
,results/1st_level\1984isreality.csv @ https://www.reddit.com/r/PublicFreakout
0,fso36mh
1,fso6hor
2,fso93gi
3,fso68pk
4,fso0uxd
5,fso06td
6,fsoco0v
7,fso23pw
8,fso9r70
9,fsnzdjg
10,fso3svt
11,fsoc9q5
12,fso5a8c
13,fsok3hm
14,fso3mrm
15,fsodwxz
16,fso7fa0
17,fsoantr
18,fsob4v5
19,fso24sl
20,fsnzdan
21,fso9g8j
22,fsocii4
23,fsobxpu
24,fsocrki
25,fso4h2c
26,fsoh99n
27,fsnzbdw
28,fso7b47
29,fsnzyj8
30,fsocta9
31,fso4zon
32,fso8c9x
33,fso50h7
34,fsocuue
35,fso2det
36,fso7vcm
37,fso4npg
38,fso68yv
39,fsohx7n
40,fsokzds
41,fsop7k1
42,fsopcc8
43,fsqtw1y
44,fso3v4p
45,fsoaefa
46,fso7vmn
47,fsobjw5
48,fsog6rs
49,fsoiiew
50,fsok2v4
51,fsonhrq
52,fsonxd5
53,fsonxgn
,results/1st_level\1984isreality.csv @ https://www.reddit.com/r/neoliberal
0,f8an3d3
1,f8afn06
2,f8aj6yr
3,f8autr1
4,f8arrj5
5,f8aicl1
6,f8at303
7,f8aoq1d
8,f8ar7r3
9,f8avyin
10,f8b1fq1
11,f8ai9jc
12,f8ax45r
13,f8axg7h
14,f8atou3
15,f8arf1c
16,f8ba1s0
17,f8blraa
18,f8bhu7e
19,f8cmqlw
20,f8dv0eb
21,f8aq9a4
,results/1st_level\1984isreality.csv @ https://www.reddit.com/r/YangGang
0,f89dfnh
1,f8a9q1n
2,f8a2tyv
3,f89iaes
4,f89y5ya
5,f8atyj9
6,f8an72p
7,f8bcili
8,f89mioz
,results/1st_level\1984isreality.csv @ https://www.reddit.com/r/WayOfTheBern
0,f8aaucx
1,f8ajakd
2,f8aayj5
3,f8aci7v
4,f8b7t8i
5,f8aa9do
6,f8ada7s
7,f8an682
8,f8bckbf
9,f8bcebu
10,f8ahhso
11,f8a9zbo
12,f8asgiz
13,f8av4y9
14,f8axumh
15,f8apxc0
16,f8axcza
17,f8awrwg
,results/1st_level\1984isreality.csv @ https://www.reddit.com/r/propaganda
0,f8bi94c
1,f8b9v69
2,f8b2iq5
3,f8cjqb4
4,f8bxbgq
,results/1st_level\1984isreality.csv @ https://www.reddit.com/r/seculartalk
0,f8bkn41
1,f8amglp
2,f8afmax
3,f8b9ihg
4,f8bhe66
5,f8cdtoq
,results/1st_level\1984isreality.csv @ https://www.reddit.com/r/ConspiracyII
0,f8cgsm1
1,f8ex50a
2,f8pe7xs
3,f8b5u8i
,results/1st_level\1984isreality.csv @ https://www.reddit.com/r/Hasan_Piker
0,f8auoij
1,f8angy0
2,f8avylt
3,f8amgdy
4,f8am6h0
5,f8bnti4
,results/1st_level\1984isreality.csv @ https://www.reddit.com/r/evolutionReddit
0,f8cv2hy
1,f8btquu
2,f8dnc4g
,results/1st_level\1984isreality.csv @ https://www.reddit.com/r/ConspiracyMemes
0,f8b7ji1
1,f8bn541
2,f8d2c0e
,results/1st_level\1984isreality.csv @ https://www.reddit.com/r/conspiracyhub
,results/1st_level\1984isreality.csv @ https://www.reddit.com/r/mistyfront
0,f8vz4j6
,results/1st_level\1984isreality.csv @ https://www.reddit.com/r/nouseforatitle
,results/1st_level\1984isreality.csv @ https://www.reddit.com/r/alltheleft
0,g7ojro7
1,g7ojyey
2,g7ou4p7
3,g7q0zsn
4,g7s1urf
5,g7rplp6
6,g7rr3bn
7,g7q867e
8,g7p0zmd
,results/1st_level\1984isreality.csv @ https://www.reddit.com/r/ndp
0,fkhjbfa
1,fkhjr6b
2,fkiihr6
3,fki0opa
4,fkinnfk
5,fkjdylb
6,fkk58yj
7,fkhq3sy
8,fki1rmu
9,fkjui6z
10,fkixd3x
11,fkw1z59
,results/1st_level\1984isreality.csv @ https://www.reddit.com/r/censorship
0,fk3botv
1,fk16356
2,fk2blfp
3,fk1avxc
,results/1st_level\1984isreality.csv @ https://www.reddit.com/r/canadaleft
0,fjzpgmi
1,fk0hfze
2,fk3id7x
3,fjzq62c
,results/1st_level\1984isreality.csv @ https://www.reddit.com/r/FreeSpeech
0,fk0hilm
,results/1st_level\1984isreality.csv @ https://www.reddit.com/r/mildlyinteresting
0,fvchatx
1,fvcoo95
2,fvcj6pf
3,fvcczxp
4,fvcoz7z
5,fvcmyhe
6,fvc8cui
7,fvcg602
8,fvd7ual
9,fvcr8ns
10,fvcyi6n
11,fvcnuks
12,fvceqn0
13,fvd1b9k
14,fveu8vj
15,fvd38cz
16,fvddo65
17,fvdipys
18,fvd0vhp
19,fvda2be
20,fvdb191
21,fvdh0ut
22,fvexbwo
23,fvdbqjd
24,fvdeg6z
25,fvdh88z
26,fvexie8
27,fvc607j
28,fvcl21g
29,fvcyij2
30,fvd26po
31,fvd29wq
32,fvd4g2z
33,fvd4oan
34,fvd5i1g
35,fvd63gy
36,fvd9xkp
37,fvd9zqk
38,fvdct2g
39,fvdcu72
40,fvdcz3j
41,fvdd4c8
42,fvde79b
43,fvdf8fp
44,fvdfnwc
45,fvdg5ir
46,fvdh8ym
47,fvdjbvz
48,fvdjhw1
49,fvdjkkx
50,fvdjwfu
51,fvdjxg8
52,fvdkb8e
53,fvdlfnv
54,fvdlklu
55,fvdlvrc
56,fvdmdtu
57,fvdmpbl
58,fvdng3h
59,fvdniea
60,fvdo4s8
61,fvdoaqm
62,fvdog4d
63,fvdp3eo
64,fvdp6nz
65,fvdpkiw
66,fvdpkzm
67,fvdq8sp
68,fvdqymp
69,fvdsy7u
70,fvdtj1m
71,fvdttg3
72,fvduj5c
73,fvduj6h
74,fvdukd3
75,fvdupxs
76,fvduufo
77,fvdv6ij
78,fvdv9i6
79,fvdve18
80,fvdvytq
81,fvdw83r
82,fvdwhc8
83,fvdx0mg
84,fvdx3v9
85,fvdxkes
86,fvdy9e7
87,fvdzn2y
88,fvdzsqg
89,fvdzy4s
90,fve03ss
91,fve3cv0
92,fve70fa
93,fve7i9t
94,fvebej4
95,fvecdiy
96,fveeskk
97,fvegqpg
98,fvejz83
99,fven30t
100,fvev2jq
101,fvf4npi
102,fvf4wm4
103,fvf8f31
104,fvfdl87
105,fwwhkv7
106,fxous09
107,fvcauoc
108,fvd985y
109,fvcx536
110,fvd3agy
111,fvd6ytn
112,fvdc0u9
113,fvdizjg
114,fvdxlg3
115,fvdy6m8
116,fvclwe4
117,fvde8nm
118,fvdjm9j
119,fvck11f
,results/1st_level\1984isreality.csv @ https://www.reddit.com/r/DarkFuturology
0,fne6y9r
1,fnesyvo
2,fnh65gq
3,fneqwyh
4,fng81or
,results/1st_level\1984isreality.csv @ https://www.reddit.com/r/conspiracyfact
0,fndw9dj
,results/1st_level\1984isreality.csv @ https://www.reddit.com/r/countermine
0,fnhbry3
,results/1st_level\1984isreality.csv @ https://www.reddit.com/r/TrueCrime
0,fkbc3b9
1,fkc13nc
2,fkbmgm1
3,fkbstpt
4,fkc855u
5,fkc5ftb
6,fkbebdr
7,fkc5omh
8,fkbeeiw
9,fkc0ca1
10,fkbzew0
11,fkc6d5y
12,fkbaoo6
13,fkehy5y
14,fkcd2m3
15,fkcp1v9
16,fkcaf6w
17,fkcbivc
18,fkekqeo
19,fkce3sh
20,fkcr01w
21,fkcb4m9
22,fkdd75w
23,fkdd8m8
,results/1st_level\1984isreality.csv @ https://www.reddit.com/r/trees
0,fk67lpe
1,fk6adan
2,fk6dnl6
,results/1st_level\1984isreality.csv @ https://www.reddit.com/r/u_AwayConflict
0,fyi4xvd
1,fyim1nk
,results/1st_level\1984isreality.csv @ https://www.reddit.com/r/Blackout2015
0,d5rcw61
1,d5r26ww
2,d5s088l
3,d5roet3
4,d5s704h
5,d5r25oq
6,d5s85x3
,results/1st_level\1984isreality.csv @ https://www.reddit.com/r/AnythingGoesNews
0,d5qhhp8
1,d5qd9qs
2,d5qlun1
3,d5qulsp
4,d5r6qye
5,d5qjoxy
6,d5rbf8d
7,d5qkgns
,results/1st_level\1984isreality.csv @ https://www.reddit.com/r/de
0,d5rof11
1,d5rqxb1
2,d5rnk0w
3,d5rmidj
,results/1st_level\1984isreality.csv @ https://www.reddit.com/r/HillaryForPrison
0,d5qr9z1
1,d5r1zw2
,results/1st_level\1984isreality.csv @ https://www.reddit.com/r/RIPpolitics
0,d5q63mv
1,d5u46by
,results/1st_level\1984isreality.csv @ https://www.reddit.com/r/FreePolDiscussion
,results/1st_level\1984isreality.csv @ https://www.reddit.com/r/inthenews
,results/1st_level\1984isreality.csv @ https://www.reddit.com/r/VaushV
0,h19rx52
1,h1ac7u4
2,h1ah6tp
,results/1st_level\1984isreality.csv @ https://www.reddit.com/r/TheMajorityReport
0,h1bg6e7
1,h19rye1
,results/1st_level\1984isreality.csv @ https://www.reddit.com/r/LibertyForTheMasses
,results/1st_level\1984isreality.csv @ https://www.reddit.com/r/GoldfishMyth
,results/1st_level\1984isreality.csv @ https://www.reddit.com/r/technology
0,fkapb5a
1,fkaltog
2,fkalxk4
3,fkanz5d
4,fkaksyn
5,fkaocmb
6,fkao1y3
7,fkamo6s
8,fkaoiav
9,fkas5zb
10,fkan56b
11,fkalw9v
12,fkapqwb
13,fkargv1
14,fkap2ox
15,fkao6gu
16,fkb077w
17,fkan55r
18,fkasnur
19,fkastk2
20,fkb7pqm
21,fkan5o3
22,fkap378
23,fkavum7
24,fkaxcbl
25,fkavs63
26,fkatpp7
27,fkasu1n
28,fkc23ib
29,fkasyxy
30,fkatawi
31,fkau1xu
32,fkc26z5
33,fkanmno
34,fkb59i7
35,fkawpt8
36,fkax02p
37,fkay3pv
38,fkaydb4
39,fkayfbe
40,fkb0wh2
41,fkb7dha
42,fkb1fwv
43,fkas5nk
44,fkasoqo
45,fkatvc9
46,fkay7s9
47,fkb3ofx
48,fkb5o9f
49,fkb5ti9
50,fkb5wnr
51,fkb6gse
52,fkb90ou
53,fkb9w7i
54,fkbabx9
55,fkbb8m3
56,fkbba8u
57,fkbly2u
58,fkbzzhm
59,fkccl8p
60,fkcu1db
61,fkcwec6
62,fkcy1pg
63,fkd7xlk
64,fkaxcwy
65,fkbf4xl
66,fkaux92
67,fkbkzbt
68,fkbrrsi
69,fkaqulp
70,fkar4tj
71,fkarro7
72,fkau5m1
73,fkavirt
74,fkavoce
75,fkavrac
76,fkaw265
77,fkaw3rv
78,fkawf7m
79,fkax36x
80,fkayhqn
81,fkazye8
82,fkb199s
83,fkb4kl8
84,fkb4mq2
85,fkb4t4i
86,fkb5576
87,fkb5yr4
88,fkb6163
89,fkb6d4m
90,fkb6j84
91,fkb6vuu
92,fkb7hmq
93,fkb7p9z
94,fkb9x3h
95,fkbam9e
96,fkbbfrg
97,fkbcgzp
98,fkbcjdi
99,fkbd8zk
100,fkbdmsk
101,fkbes25
102,fkbfz1i
103,fkbgyuk
,results/1st_level\1984isreality.csv @ https://www.reddit.com/r/privacy
0,fqi7j0m
1,fqhyk7c
2,fqhzu6e
3,fqiux3f
4,fqicek8
5,fqie7ou
6,fqj38rr
7,fqjrdo5
8,fqi1ctv
9,fqj0lig
10,fqjejqe
11,fqiab2c
12,fqk4a9a
13,fqkdxyf
14,fqlzm3n
15,fqj09ja
16,fqkcsm9
17,fqk7u0k
18,fqk8c5t
19,fqkqywf
20,fqkrye0
21,fqktu1y
22,fqktu3a
23,fql85cz
24,fqmjj90
25,fqjndaj
,results/1st_level\1984isreality.csv @ https://www.reddit.com/r/webdev
0,fkls8hp
1,fklzel4
2,fklxcyp
3,fklv2en
4,fklws8s
5,fkm5ba2
6,fklwb9m
7,fklweld
8,fkn1g11
9,fkn0h6l
10,fkn2gl7
11,fkn93wd
12,fknc8vm
13,fkngibj
14,fknlste
15,fknred2
16,fknv21x
17,fko4j75
18,fkokc6u
19,fktnm4q
20,fl1yvxt
,results/1st_level\1984isreality.csv @ https://www.reddit.com/r/firefox
0,fkllmhv
1,fklz7wb
2,fkm0k5g
3,fklk18q
4,fkmnj2i
5,fkn2pcd
6,fkm92fp
7,fkn0wz2
8,fkncnzq
9,fknc551
10,fkoj4vr
11,fkljtkz
,results/1st_level\1984isreality.csv @ https://www.reddit.com/r/StallmanWasRight
0,fkbim2t
1,fkd644y
2,fkbbdlk
3,fknvchd
,results/1st_level\1984isreality.csv @ https://www.reddit.com/r/restorethefourth
0,fkkeppt
1,fkkl8kz
2,fkkjfez
3,fknv41z
,results/1st_level\1984isreality.csv @ https://www.reddit.com/r/Seattle
0,fkl278p
1,fkkvot4
2,fklijoe
3,fkndrpv
4,fknv48n
5,fklhe3f
,results/1st_level\1984isreality.csv @ https://www.reddit.com/r/crypto
0,fkn8e2k
1,fknv35i
2,fkli7it
3,fl4ws32
,results/1st_level\1984isreality.csv @ https://www.reddit.com/r/DeFranco
0,fkelxtz
1,fknvggv
,results/1st_level\1984isreality.csv @ https://www.reddit.com/r/USNEWS
0,fknv6il
,results/1st_level\1984isreality.csv @ https://www.reddit.com/r/teenagers
0,fknidog
1,flzmcih
,results/1st_level\1984isreality.csv @ https://www.reddit.com/r/socialism
0,fkofd5t
,results/1st_level\1984isreality.csv @ https://www.reddit.com/r/AmalaNetwork
,results/1st_level\1984isreality.csv @ https://www.reddit.com/r/KeepOurNetFree
0,fknv60v
,results/1st_level\1984isreality.csv @ https://www.reddit.com/r/usa
,results/1st_level\1984isreality.csv @ https://www.reddit.com/r/geopolitics2
0,fknvnf3
,results/1st_level\1984isreality.csv @ https://www.reddit.com/r/BusinessPrivacy
0,fknv4sm
,results/1st_level\1984isreality.csv @ https://www.reddit.com/r/Techfeed
0,fknvrju
,results/1st_level\1984isreality.csv @ https://www.reddit.com/r/bprogramming
0,fknvg34
,results/1st_level\1984isreality.csv @ https://www.reddit.com/r/h3h3productions
0,fkm7ulz
,results/1st_level\1984isreality.csv @ https://www.reddit.com/r/spacefrogs
,results/1st_level\1984isreality.csv @ https://www.reddit.com/r/encrypted
0,fknvcas
,results/1st_level\1984isreality.csv @ https://www.reddit.com/r/RSSBot
0,fknvqa6
,results/1st_level\1984isreality.csv @ https://www.reddit.com/r/themodernbaalim
,results/1st_level\1984isreality.csv @ https://www.reddit.com/r/Anarchism
,results/1st_level\1984isreality.csv @ https://www.reddit.com/r/awfuleverything
0,fks4i4a
1,fktgqqs
,results/1st_level\1984isreality.csv @ https://www.reddit.com/r/internettoday
0,fkltjft
,results/1st_level\1984isreality.csv @ https://www.reddit.com/r/BitcoinAgency
,results/1st_level\1984isreality.csv @ https://www.reddit.com/r/AntiFANG
,results/1st_level\1984isreality.csv @ https://www.reddit.com/r/TheColorIsBlue
,results/1st_level\1984isreality.csv @ https://www.reddit.com/r/CBSauto
,results/1st_level\1984isreality.csv @ https://www.reddit.com/r/AutoNewspaper
,results/1st_level\1984isreality.csv @ https://www.reddit.com/r/aznidentity
0,fcmfyj3
1,fcmp13u
2,fcnflpq
3,fcnnu27
4,fcpj7el
5,fdqpg6w
6,fcmpx0k
,results/1st_level\1984isreality.csv @ https://www.reddit.com/r/altnewz
0,fdkhqik
1,fdl20e3
2,fdl6lgy
3,fdltnbw
,results/1st_level\1984isreality.csv @ https://www.reddit.com/r/politics
0,fl5517p
1,fl5c9qp
2,fl5ak1t
3,fl571sc
4,fl56nxj
5,fl5d7kf
6,fl5d28w
7,fl57ug9
8,fl5brc9
9,fl5dyl1
10,fl5m9x4
11,fl5ce2e
12,fl5a83t
13,fl587ks
14,fl5d68s
15,fl5dnbi
16,fl56oy1
17,fl5g3zd
18,fl57pea
19,fl5xo72
20,fl5aisb
21,fl58n74
22,fl5eq9c
23,fl5djpc
24,fl5on9w
25,fl5xhdt
26,fl5y4oj
27,fl5yqia
28,fl5n0re
29,fl63gyy
30,fl5sv0f
31,fl5bnka
32,fl5h5ve
33,fl5gzw2
34,fl5hjot
35,fl55ekd
36,fl56sze
37,fl5aegk
38,fl5lbgj
39,fl5fskj
40,fl5lplm
41,fl5a27t
42,fl5j810
43,fl5gxvu
44,fl5f4pm
45,fl5kfgs
46,fl5yoou
47,fl5a62z
48,fl5y2z5
49,fl5xqs2
50,fl63pg0
51,fl66r1u
52,fl5692k
53,fl554fg
54,fl5onlj
55,fl5bkw3
56,fl5xbd6
57,fl61y3p
58,fl622pe
59,fl5599e
60,fl5dedd
61,fl5yq2b
62,fl5nbzz
63,fl5pb6n
64,fl5yqk6
65,fl5kbwp
66,fl5579w
67,fl5jhdj
68,fl5cu91
69,fl5bxsd
70,fl5j9h3
71,fl5nkmp
72,fl5p013
73,fl5tfj6
74,fl5u0ce
75,fl5uksq
76,fl5uxk7
77,fl5vqr4
78,fl5x9tg
79,fl5yp7o
80,fl5z9p8
81,fl5zige
82,fl60bkw
83,fl60emf
84,fl60j0b
85,fl62p3t
86,fl6wr8s
87,fl5qzbo
88,fl5cl4v
89,fl5idle
90,fl5cefo
91,fl5jveb
92,fl5c64f
93,fl5a5rx
94,fl5mya1
95,fl5qjqi
96,fl5svm1
97,fl5tztk
98,fl5xocn
99,fl5ynx8
100,fl5yr4n
101,fl5z0v7
102,fl604ly
103,fl6065o
104,fl60lql
105,fl62osg
106,fl62w2a
107,fl63a6u
108,fl63hws
109,fl63u7m
110,fl63ub9
111,fl64us9
112,fl678fj
113,fl6870w
114,fl68pnv
,results/1st_level\1984isreality.csv @ https://www.reddit.com/r/RussiaLago
0,fl7s2t7
1,fl7cdwl
2,fl7d203
3,fl7qeg6
4,fl7ks61
5,fl82mx0
6,fl83pi0
7,fl8cehx
8,fl9g2up
9,fl8aqsv
10,fl87xbt
11,fl8j9m8
12,fl973m0
13,fl9nlal
14,fl8gqw9
15,fla6bac
,results/1st_level\1984isreality.csv @ https://www.reddit.com/r/SocialistRA
0,fl8khi9
1,fl8qkjb
2,fl94jun
3,fl95ins
4,fl922dm
5,fl9wfx9
6,fla3dwl
7,fla5dh2
8,fl9ygns
,results/1st_level\1984isreality.csv @ https://www.reddit.com/r/progun
0,fl6wyoa
1,fl79oa5
2,fl6w3n1
3,fl7cnwo
4,fl74ayl
5,fl6vfzv
6,fl7d0fp
7,fl77vx5
8,fl7ysad
9,fl8awxy
,results/1st_level\1984isreality.csv @ https://www.reddit.com/r/illinois
0,fl5qf2b
1,fl5u46a
2,fl60w9i
3,fl7hy18
4,fl5utd9
5,fl5q7qg
6,fl7lqkb
7,fl6unca
8,fl5y60e
9,fl8vl8o
10,fl6c1hq
,results/1st_level\1984isreality.csv @ https://www.reddit.com/r/BannedFromThe_Donald
0,fl7e31d
1,fl85ifg
2,fl80rzj
3,fl7wogq
4,fl932xh
5,fl7mlup
6,fl7f0kp
7,fl8qtbh
8,fl8fqi7
,results/1st_level\1984isreality.csv @ https://www.reddit.com/r/progressive
0,fl8lk5n
1,fl86hdf
2,fl8cybe
3,fl9anmy
4,fl9kh30
5,fl95016
6,fl9qfm2
7,flabgx6
8,fl7x4br
,results/1st_level\1984isreality.csv @ https://www.reddit.com/r/JordanPeterson
0,fl5t79a
1,fl71gyt
2,fl5tq2q
3,fl5yxpl
,results/1st_level\1984isreality.csv @ https://www.reddit.com/r/AmericanPolitics
0,fl7i7hv
1,fl72nda
2,fl7kaew
3,fl7zjrc
4,fl7ebcn
,results/1st_level\1984isreality.csv @ https://www.reddit.com/r/The_Mueller
0,fl5os2o
1,fl6agph
2,fl6ns93
3,fl6qhgv
,results/1st_level\1984isreality.csv @ https://www.reddit.com/r/2ALiberals
0,fl7e5b4
1,fl7zyxp
2,fl8oxad
,results/1st_level\1984isreality.csv @ https://www.reddit.com/r/gunpolitics
0,fl6z0oi
1,fl72rdi
2,fl6w1av
,results/1st_level\1984isreality.csv @ https://www.reddit.com/r/democrats
0,fl73fx7
1,fl74g5w
2,fl7mg04
3,fl7l9hl
4,fl9uzeg
5,flb84og
,results/1st_level\1984isreality.csv @ https://www.reddit.com/r/occupywallstreet
0,flazfno
1,flbptun
,results/1st_level\1984isreality.csv @ https://www.reddit.com/r/OpenArgs
0,fl6t3qr
1,fl7om55
,results/1st_level\1984isreality.csv @ https://www.reddit.com/r/Fuckthealtright
0,fl793ud
1,fl8dqog
2,fl7eh3h
3,flbe1ac
,results/1st_level\1984isreality.csv @ https://www.reddit.com/r/NewPatriotism
0,fl5xsye
1,fl5xy05
2,fl6t3l0
,results/1st_level\1984isreality.csv @ https://www.reddit.com/r/MarchAgainstNazis
0,fl79884
1,fl7dxw5
2,fl7g6yr
,results/1st_level\1984isreality.csv @ https://www.reddit.com/r/ProgressiveActivists
0,fl77nr5
1,fl6vg46
,results/1st_level\1984isreality.csv @ https://www.reddit.com/r/LateStageCapitalism
0,flaidme
1,flcx1ds
,results/1st_level\1984isreality.csv @ https://www.reddit.com/r/LegalNews
0,fl71ud5
1,fl8x9pj
,results/1st_level\1984isreality.csv @ https://www.reddit.com/r/Coronavirus
0,fl5fexe
1,fl5foct
2,fl5fsol
3,fl5hd9e
4,fl5fkbg
5,fl5l14l
6,fl5u2fx
7,fl5juqh
8,fl64quw
9,fl5ua9e
10,fl5fl53
11,fl5hcw6
12,fl5khwr
13,fl5ntcv
14,fl5omki
15,fl63hwt
16,fl5ght7
17,fl5nlin
18,fl5gkk1
19,fl63bk3
20,fl66w6m
21,fl5fsbs
22,fl66hs7
23,fl5lzah
24,fl5s41v
25,fl5fv3l
26,fl5v6qk
27,fl63ppa
28,fl5paol
29,fl635bg
30,fl5qrbg
31,fl689fz
32,fl5mv2i
33,fl6da65
34,fl5h99q
35,fl60jm3
36,fl5lpwg
37,fl60xgz
38,fl637xq
39,fl5h94a
40,fl5g2w4
41,fl5jmf9
42,fl5gyhk
43,fl5vkdz
44,fl5fo34
45,fl5hy5s
46,fl5litp
47,fl5flro
48,fl5fsiu
49,fl5sh70
50,fl5u24b
51,fl5x2r5
52,fl5xoi5
53,fl5znjh
54,fl64sy1
55,fl65ova
56,fl695wh
57,fl6ab8e
58,fl6cxnh
59,fl6dr2u
60,fl6ehvg
61,fl6eql0
62,fl6g2dy
63,fl6gbna
64,fl6h199
65,fl6l2b6
66,fl6m0xi
67,fl6mpnj
68,fl6n3r2
69,fl6o0gv
70,fl6o57b
71,fl6ovkt
72,fl6ph8f
73,fl6pqy0
74,fl6qm88
75,fl6qs92
76,fl6rnsh
77,fl6rvfn
78,fl6rvuu
79,fl6rw5b
80,fl6s2ve
81,fl6sbxi
82,fl6snfz
83,fl6t9lt
84,fl6tld1
85,fl6tq27
86,fl6tyt8
87,fl6u7ex
88,fl6urg6
89,fl6v639
90,fl6x0sp
91,fl6y8yb
92,fl6zy0n
93,fl70ct7
94,fl72zeb
95,fl73dpt
96,fl75xao
97,fl77cpv
98,fl7cq6w
99,fl7d8wt
100,fl7ee1a
101,fl7jvbe
102,fl7vps6
103,fl5jigm
104,fl5o587
105,fl61f03
106,fl6q38i
107,fl659fc
108,fl6k8t9
,results/1st_level\1984isreality.csv @ https://www.reddit.com/r/CoronaVirus_2019_nCoV
,results/1st_level\1984isreality.csv @ https://www.reddit.com/r/lostgeneration
0,flfw8r9
,results/1st_level\1984isreality.csv @ https://www.reddit.com/r/AntiTrumpAlliance
0,fl78q8q
1,fl9j99v
2,fl9k0ru
,results/1st_level\1984isreality.csv @ https://www.reddit.com/r/MarchAgainstTrump
,results/1st_level\1984isreality.csv @ https://www.reddit.com/r/AnarchismUnbound
,results/1st_level\1984isreality.csv @ https://www.reddit.com/r/u_CostBenKMA
,results/1st_level\1984isreality.csv @ https://www.reddit.com/r/Impeach_Trump
0,fl6jbcu
1,fl751su
,results/1st_level\1984isreality.csv @ https://www.reddit.com/r/BetoORourke
0,fl6ic43
,results/1st_level\1984isreality.csv @ https://www.reddit.com/r/TruePolitics
,results/1st_level\1984isreality.csv @ https://www.reddit.com/r/capitalism_in_decay
0,fl790ed
,results/1st_level\1984isreality.csv @ https://www.reddit.com/r/InconvenientFacts
,results/1st_level\1984isreality.csv @ https://www.reddit.com/r/Kossacks_for_Sanders
0,fl67lb2
,results/1st_level\1984isreality.csv @ https://www.reddit.com/r/Full_news
0,fl7mf2d
,results/1st_level\1984isreality.csv @ https://www.reddit.com/r/WhiteHouseHyperReal
,results/1st_level\1984isreality.csv @ https://www.reddit.com/r/AntifascistsofReddit
,results/1st_level\1984isreality.csv @ https://www.reddit.com/r/WTFJustHappenedToday
,results/1st_level\1984isreality.csv @ https://www.reddit.com/r/AmericanProgressive
,results/1st_level\1984isreality.csv @ https://www.reddit.com/r/u_RJ-Hamster
,results/1st_level\1984isreality.csv @ https://www.reddit.com/r/totalitarianism
,results/1st_level\1984isreality.csv @ https://www.reddit.com/r/TheGreatDeception
0,fte26rr
,results/1st_level\1984isreality.csv @ https://www.reddit.com/r/u_THEMarketReport
,results/1st_level\1984isreality.csv @ https://www.reddit.com/r/liberalism
,results/1st_level\1984isreality.csv @ https://www.reddit.com/r/Trump_Idiocy
,results/1st_level\1984isreality.csv @ https://www.reddit.com/r/u_Blaqquesuga65
,results/1st_level\1984isreality.csv @ https://www.reddit.com/r/collapse
0,fl8gp2m
1,fl8n8tw
2,fl8rfwq
3,fl8ks8w
4,fl8xsxt
5,fl8wq2m
6,fl8k5go
7,fl9qfxq
8,fl9yxnt
9,flaapt8
10,fladhjx
11,fl9ohdz
12,fl9qy6d
13,flcjjtk
,results/1st_level\1984isreality.csv @ https://www.reddit.com/r/RepublicanValues
0,fl5t1yc
1,fl66kpr
2,fl6ybf5
3,fl6niip
,results/1st_level\1984isreality.csv @ https://www.reddit.com/r/stupidpol
0,fl63k7v
1,fl62ucy
2,fl6srhg
3,fl62tg8
4,fl6ehjf
,results/1st_level\1984isreality.csv @ https://www.reddit.com/r/u_evanFFTF
,results/1st_level\1984isreality.csv @ https://www.reddit.com/r/redacted
0,fl6zjaw
,results/1st_level\1984isreality.csv @ https://www.reddit.com/r/u_sithlordvader_808
,results/1st_level\1984isreality.csv @ https://www.reddit.com/r/EndlessWar
0,g6drl95
1,g6eiz5x
,results/1st_level\1984isreality.csv @ https://www.reddit.com/r/worldpolitics2
0,g6doh32
1,g6f7xd0
