,0,1,2,3,4,5,6,7,8,9
0,"0.027*""plastic""","0.002*""jury""","0.003*""interrogation""","0.000*""people""","0.054*""http_np""","0.009*""people""","0.006*""que""","0.000*""people""","0.009*""say""","0.014*""people"""
1,"0.012*""repair""","0.002*""bader""","0.001*""selon""","0.000*""say""","0.026*""feedback""","0.009*""make""","0.004*""et""","0.000*""get""","0.009*""people""","0.012*""get"""
2,"0.012*""recycle""","0.001*""peach""","0.000*""analytical""","0.000*""make""","0.025*""drs""","0.008*""get""","0.004*""ei""","0.000*""make""","0.007*""get""","0.011*""study"""
3,"0.008*""bottle""","0.001*""menashe""","0.000*""fucker""","0.000*""think""","0.025*""version_tl""","0.008*""go""","0.003*""see""","0.000*""go""","0.006*""go""","0.008*""make"""
4,"0.007*""recycling""","0.001*""archbishop""","0.000*""toit""","0.000*""work""","0.025*""comments_fm""","0.007*""use""","0.002*""toole""","0.000*""say""","0.005*""know""","0.007*""think"""
5,"0.006*""aamasterrace""","0.001*""interviewer""","0.000*""taskandpurpose""","0.000*""go""","0.025*""monitored_constructive""","0.006*""year""","0.002*""ning""","0.000*""use""","0.005*""make""","0.006*""go"""
6,"0.005*""packaging""","0.001*""superhuman""","0.000*""americain""","0.000*""get""","0.025*""autotldr_pm""","0.006*""need""","0.002*""kuida""","0.000*""good""","0.005*""think""","0.006*""know"""
7,"0.005*""tap_water""","0.001*""superhuman_saint""","0.000*""somalie""","0.000*""know""","0.023*""keyword""","0.005*""think""","0.002*""ka""","0.000*""even""","0.005*""country""","0.006*""see"""
8,"0.004*""donziger""","0.001*""ari_ben""","0.000*""renseignement""","0.000*""even""","0.022*""comment""","0.005*""say""","0.002*""voi""","0.000*""think""","0.005*""com""","0.005*""well"""
9,"0.004*""reddit_com""","0.001*""brettler""","0.000*""lefigaro""","0.000*""s""","0.021*""autotldr_comment""","0.005*""thing""","0.002*""neid""","0.000*""need""","0.004*""take""","0.005*""use"""
