origin,0,1,2,3,4,5,6,7,8,9
1984isreality.csv ,new,new,say,say,say,new,poorly,say,make,new
1984isreality.csv ,say,say,new,new,new,say,ubiquitous,new,decision,say
1984isreality.csv ,assume,decision,interpretation,shape,misinterpret,decision,million,assume,idiotic,interpret
1984isreality.csv ,shape,misinterpret,shape,assume,result,assume,interpretation,shape,misinterpret,also
1984isreality.csv ,result,live,assume,also,also,ubiquitous,live,million,base,decision
1984isreality.csv ,make,shape,also,interpret,interpret,shape,also,also,result,misinterpret
1984isreality.csv ,base,also,decision,make,idiotic,misinterpret,assume,interpretation,interpret,base
1984isreality.csv ,interpret,interpret,make,base,base,also,shape,interpret,shape,ubiquitous
1984isreality.csv ,idiotic,base,base,result,decision,live,interpret,idiotic,assume,poorly
1984isreality.csv ,decisio,idioti,interpre,ubiquitou,poorl,interpre,resul,decisio,als,idioti
